Keyword,Date,Position,Clicks,Impressions,CTR,Change,Action Taken,Notes
hire wordpress developer,18/09/2026,,,,-,Baseline,,
wordpress developer for hire,18/09/2026,,,,-,Baseline,,
hire woocommerce developer,18/09/2026,,,,-,Baseline,,
freelance wordpress developer,18/09/2026,,,,-,Baseline,,
hire web developer,18/09/2026,,,,-,Baseline,,
custom wordpress theme,18/09/2026,,,,-,Baseline,,
wordpress plugin development,18/09/2026,,,,-,Baseline,,
woocommerce store setup,18/09/2026,,,,-,Baseline,,
wordpress speed optimization,18/09/2026,,,,-,Baseline,,
wordpress vs shopify,18/09/2026,,,,-,Baseline,,
elementor vs gutenberg,18/09/2026,,,,-,Baseline,,
hire wordpress developer india,18/09/2026,,,,-,Baseline,,
hire wordpress developer usa,18/09/2026,,,,-,Baseline,,
hire wordpress developer uk,18/09/2026,,,,-,Baseline,,
wordpress maintenance service,18/09/2026,,,,-,Baseline,,
wordpress security hardening,18/09/2026,,,,-,Baseline,,
woocommerce speed optimization,18/09/2026,,,,-,Baseline,,
wordpress developer hourly rate,18/09/2026,,,,-,Baseline,,
headless wordpress,18/09/2026,,,,-,Baseline,,
wordpress ai integration,18/09/2026,,,,-,Baseline,,
